<?xml version="1.0" encoding="UTF-8"?>

<beans xmlns="http://www.springframework.org/schema/beans"

	xmlns:context="http://www.springframework.org/schema/context"

	xmlns:xsi="http://www.w3.org/2001/XMLSchema-instance"

	xmlns:mvc="http://www.springframework.org/schema/mvc"

	xmlns:tx="http://www.springframework.org/schema/tx"

	xmlns:jpa="http://www.springframework.org/schema/data/jpa"



	xsi:schemaLocation="

        http://www.springframework.org/schema/beans    

        http://www.springframework.org/schema/beans/spring-beans.xsd

        http://www.springframework.org/schema/context

        http://www.springframework.org/schema/context/spring-context.xsd

        http://www.springframework.org/schema/mvc

        http://www.springframework.org/schema/mvc/spring-mvc.xsd

        http://www.springframework.org/schema/tx

        http://www.springframework.org/schema/tx/spring-tx-3.0.xsd

        http://www.springframework.org/schema/data/jpa

        http://www.springframework.org/schema/data/jpa/spring-jpa.xsd">
		<!-- for showing data in browser -->
		<bean id="viewResolver" 
		class="org.springframework.web.servlet.view.InternalResourceViewResolver">
			<property name="prefix" value="/WEB-INF/"/>
			<property name="suffix" value=".jsp"/>
		</bean>
		<!-- database link from where data -->
		<bean id="dataSource" 
		class="org.springframework.jdbc.datasource.DriverManagerDataSource">
			<property name="driverClassName" value="oracle.jdbc.driver.OracleDriver"/>
			<property name="url" value="jdbc:oracle:thin:@localhost:1521:XE"/>
			<property name="username" value="cg"/>
			<property name="password" value="cg"/>
		</bean>
		<bean id="entityManagerFactory"
		class="org.springframework.orm.jpa.LocalContainerEntityManagerFactoryBean">
			<property name="dataSource" ref="dataSource"/>
			<!-- if there are multiple packages to scan use packagesToScan -->
			<property name="packagesToScan" value="com.cg.emp.dto"/>
			<property name="jpaVendorAdapter">
				<bean class="org.springframework.orm.jpa.vendor.HibernateJpaVendorAdapter"/>
			</property>
			<property name="jpaProperties">
				<props>
					<prop key="hibernate.dialect">org.hibernate.dialect.OracleDialect</prop>
					<prop key="hibernate.hbm2ddl.auto">update</prop>
				</props>
			</property>
		</bean>
		<bean id="transactionManager"
		class="org.springframework.orm.jpa.JpaTransactionManager">
			<property name="entityManagerFactory" ref="entityManagerFactory"/>
		</bean>
		
		<context:annotation-config/>
		<context:component-scan base-package="com.cg.emp"/>
		<mvc:annotation-driven/>
		<tx:annotation-driven transaction-manager="transactionManager"/>
		
</beans>