<?xml version="1.0" encoding="UTF-8"?>

<beans xmlns="http://www.springframework.org/schema/beans"

	xmlns:context="http://www.springframework.org/schema/context"

	xmlns:xsi="http://www.w3.org/2001/XMLSchema-instance"

	xmlns:mvc="http://www.springframework.org/schema/mvc"

	xmlns:tx="http://www.springframework.org/schema/tx"



	xsi:schemaLocation="

        http://www.springframework.org/schema/beans    

        http://www.springframework.org/schema/beans/spring-beans-2.5.xsd

        http://www.springframework.org/schema/context

        http://www.springframework.org/schema/context/spring-context.xsd

        http://www.springframework.org/schema/mvc

        http://www.springframework.org/schema/mvc/spring-mvc.xsd

        http://www.springframework.org/schema/tx

 		http://www.springframework.org/schema/tx/spring-tx-3.0.xsd"
 		
 		default-init-method="startUp" default-destroy-method="myDestroy"
 		
 		>
<!-- 
 		default-init-method and default-destroy-method is being called by all the bean classes 
 		defined inside beans tag for custom initialise method and for 
 		custom detsroy method
 		 -->
	<!-- registering bean with spring xml and every bean must be registered 
		with this bean tag -->


	<!-- <bean id="triangle" class="com.cg.Triangle"> -->
	<!-- this tag is used for giving default values to any property setter injections 
		are given using this property tag only <property name="type" value="Equilateral"/> -->
	<!-- constructor agr is uysed to pass predefined arguments top the constructor 
		<constructor-arg value="Equilateral"/> -->

	<!-- give value of similar datatype only inside double quotes else it will 
		show error <property name="height" value="20"/> -->

	<!-- using contructor arg for defining both the values also while giving 
		values always match the sequence with which it is defined inside bean class -->
	<!-- give type inside type attribute to avoid ambiguity if multiple constructor 
		with same no of arguments are there <constructor-arg value="Equilateral" 
		type="java.lang.String" /> <constructor-arg value="50" type="int" /> -->
	<!-- again if there are two arguments of same datatype then this ambiguity 
		can be removed using index attribute where order of sequence can be defined -->
	<!-- <constructor-arg value="Equilateral" index="0" /> <constructor-arg 
		value="50" index="1" /> -->
	<!-- ref attribute is used when we are referencing another object inside 
		bean class -->
	<bean id="triangle" class="com.cg.twobeanclass.Triangle">
		<property name="pointA" ref="zeroPoint" />
		<property name="pointB" ref="point2" />
		<!-- here pointB is inner bean which can be accessed only by triangle -->
		<!-- <property name="pointc"> <bean id="point2" class="com.cg.twobeanclass.Point"> 
			<property name="x" value="40" /> <property name="y" value="20" /> </bean> 
			</property> -->
		<property name="pointC" ref="center" />
	</bean>
	<bean id="zeroPoint" class="com.cg.twobeanclass.Point">
		<property name="x" value="20" />
		<property name="y" value="0" />
	</bean>
	<bean id="point2" class="com.cg.twobeanclass.Point">
		<property name="x" value="${point2.x}" />
		<property name="y" value="${point2.y}" />
	</bean>
	<bean id="center" class="com.cg.twobeanclass.Point">
		<property name="x" value="${center.x}"/>
		<property name="y" value="${center.y}" />
	</bean>
	<!-- if autowire is used with byType then three types of point are available
	namely point2,zeropoint,center
	instead if we are using it by using byName then there must be a point object
	with id as center -->
	<bean id="circle" class="com.cg.twobeanclass.Circle" autowire="byName">
	<!-- scope="prototype"
	is used when for we dont require all objects of beans to be avilable in application context
	whenever application demands only when object will be created -->
		
	</bean>
	<bean class="com.cg.twobeanclass.DisplayNameBeanPostProcessor" />
	<bean id="trianglecollection"
		class="com.cg.twobeanclass.TriangleCollection">
		<property name="points">
			<list>
				<ref bean="zeroPoint" />
				<ref bean="point2" />
				<ref bean="center" />
			</list>
		</property>
	</bean>
	<!-- <bean class="com.cg.twobeanclass.MyBeanFactoryPP" /> -->
	<bean class="org.springframework.beans.factory.config.PropertyPlaceholderConfigurer">
	<!-- <property name="Location" value="pointConfig.properties"></property> -->
	<property name="Locations">
		<list>
			<value>pointConfig.properties</value>
			<value>props.properties</value>
		</list>
	</property>
	</bean>
</beans>
